Data transakcji,Dane kontrahenta,Kwota transakcji (waluta rachunku)
2025-01-28, . ICE AGA ,-20
2024-12-22, 1-MINUTE 34304  WARSZAWA  POL ,"-6,59"
2025-01-04, 1-MINUTE 34506  WARSZAWA  POL ,"-3,8"
2024-12-27, AGATA GARSTECKA ,118
2024-12-13, APPLE.COM/BILL  APPLE.COM/BIL  IRL ,"-49,99"
2024-12-27, APPLE.COM/BILL  APPLE.COM/BIL  IRL ,"-33,99"
2024-11-27, APPLE.COM/BILL  APPLE.COM/BIL  IRL ,"-33,99"
2025-01-13, APPLE.COM/BILL  APPLE.COM/BIL  IRL ,"-49,99"
2025-02-13, APPLE.COM/BILL  CORK  IRL ,"-49,99"
2024-12-13, APTEKI CENTRUM  WARSZAWA  POL ,"-48,99"
2024-11-23, AUCHAN POLSKA SP. Z  WARSZAWA  POL ,"-39,98"
2025-01-14, AUTOMAT SPEC SP ZOO SK  KASZOW  POL ,"-3,7"
2025-01-15, AUTOMAT SPEC SP ZOO SK  KASZOW  POL ,"-3,7"
2025-01-17, AUTOMAT SPEC SP ZOO SK  KASZOW  POL ,"-3,7"
2025-01-24, AUTOMAT SPEC SP ZOO SK  LISZKI  POL ,"-4,5"
2025-01-30, AUTOMAT SPEC SP ZOO SK  LISZKI  POL ,-4
2025-02-03, AUTOMAT SPEC SP ZOO SK  LISZKI  POL ,-4
2024-12-18, AUTOMAT SPEC SP ZOO SK  LISZKI  POL ,-5
2025-01-08, AUTOMAT SPEC SP ZOO SK  LISZKI  POL ,-5
2024-11-25, AUTOMAT SPEC SP ZOO SK  LISZKI  POL ,-5
2024-11-20, AUTOMAT SPEC SP ZOO SK  LISZKI  POL ,"-3,7"
2025-01-10, AUTOMAT SPEC SP ZOO SK  LISZKI  POL ,-5
2024-12-13, AUTOMAT SPEC SP ZOO SK  LISZKI  POL ,-5
2024-12-10, AUTOMAT SPEC SP ZOO SK  LISZKI  POL ,-5
2024-12-30, BEZ KREPACJI SP Z O O  WARSZAWA  PO ,-12
2025-01-05, BIG BOOK CAFE MDM  WARSZAWA  POL ,-14
2025-01-05, BIG BOOK CAFE MDM  WARSZAWA  POL ,-28
2025-01-06, BIG BOOK CAFE MDM  WARSZAWA  POL ,-28
2025-01-12, BIG BOOK CAFE MDM  WARSZAWA  POL ,-31
2025-01-25, BOLT.EU/D/2501251428  VIIMSI  EST ,"-112,36"
2025-02-02, BOLT.EU/D/2502021420  VIIMSI  EST ,"-57,49"
2024-11-26, BOLT.EU/O/2411260321  WARSAW  POL ,"-10,29"
2024-11-29, BOLT.EU/O/2411290349  WARSAW  POL ,"-10,28"
2024-11-26, CAFE KAFKA  WARSZAWA 00340 POL ,"-42,8"
2024-12-04, CARREFOUR  WARSZAWA  POL ,"-16,68"
2024-11-22, CARREFOUR EXPRESS  WARSZAWA  POL ,"-15,43"
2025-02-11, CASTORAMA WARSZAWA 5 8  WARSZAWA 01 ,"-15,98"
2025-02-08, CASTORAMA WARSZAWA 5 8  WARSZAWA 01 ,"-32,96"
2025-02-12, CASTORAMA WARSZAWA 5 8  WARSZAWA 01 ,"-54,94"
2025-01-29, CATHRIN.PL  WARSZAWA 03408 POL ,-9
2024-11-17, CEFARM-WARSZAWA S.A  WARSZAWA  POL ,"-85,59"
2024-12-22, CEFARM-WARSZAWA S.A  WARSZAWA  POL ,"-101,52"
2025-01-27, CEFARM-WARSZAWA S.A  WARSZAWA  POL ,"-128,91"
2025-01-08, CEFARM-WARSZAWA S.A  WARSZAWA  POL ,"-258,19"
2025-01-20, CEFARM-WARSZAWA S.A  WARSZAWA  POL ,"-24,61"
2024-12-19, CEFARM-WARSZAWA S.A  WARSZAWA  POL ,"-109,98"
2025-01-05, CEFARM-WARSZAWA S.A  WARSZAWA  POL ,"-44,96"
2024-12-16, CEFARM-WARSZAWA S.A  WARSZAWA  POL ,"-97,99"
2024-12-10, CEFARM-WARSZAWA S.A  WARSZAWA  POL ,"-86,98"
2024-11-27, CEFARM-WARSZAWA S.A  WARSZAWA  POL ,-90
2025-02-13, CEFARM-WARSZAWA S.A  WARSZAWA  POL ,"-194,99"
2025-02-12, CEFARM-WARSZAWA S.A  WARSZAWA  POL ,"-147,48"
2024-11-29, CHATA SZKLO 05  WARSZAWA  POL ,"-17,99"
2025-02-13, CHATA SZKLO 24  WARSZAWA  POL ,"-17,99"
2025-01-12, CITYFIT  WARSZAWA  POL ,"-269,9"
2025-02-10, CITYFIT WOLA PLAZA  WARSZAWA  POL ,"-4,5"
2025-01-29, CITYFIT WOLA PLAZA  WARSZAWA  POL ,-5
2024-12-02, CRUX SP. Z O.O.  WARSZAWA 00681 POL ,-37
2024-12-13, CRUX SP. Z O.O.  WARSZAWA 00681 POL ,-28
2024-12-02, CRUX SP. Z O.O.  WARSZAWA 00681 POL ,-8
2024-11-18, CRUX SP. Z O.O.  WARSZAWA 00681 POL ,-28
2024-12-09, CRUX SP. Z O.O.  WARSZAWA 00681 POL ,-28
2025-02-10, DANDYS BARBER E KOSSOWSKI  WARSZAWA ,-110
2024-12-30, DANDYS BARBER E KOSSOWSKI  WARSZAWA ,-120
2024-11-23, DARIUSZ NOWICKI  WARSZAWA  POL ,-40
2025-01-24, DECATHLON WARSZAWA  WARSZAWA  POL ,"-4,99"
2024-12-11, DEDALUS  WARSZAWA  POL ,-19
2025-01-04, DOBROCZYNNA CAFE  WARSZAWA  POL ,-28
2024-11-22, EL POPO  WARSZAWA  POL ,-69
2025-01-28, ERLI.PL UL. GRUNWALDZKA 182/- POZNAŃ ,"-37,46"
2025-02-03, FOTOJOKER  WARSZAWA  POL ,"-1,99"
2024-11-28, GARSTECKI JAN KRZYSZTOF KASPROWICZA 6/1 87-100 TORUŃ ,500
2024-11-29, GARSTECKI JAN KRZYSZTOF KASPROWICZA 6/1 87-100 TORUŃ ,-200
2025-01-09, GARSTECKI JAN KRZYSZTOF KASPROWICZA 6/1 87-100 TORUŃ ,1190
2025-01-09, GARSTECKI JAN KRZYSZTOF KASPROWICZA 6/1 87-100 TORUŃ ,-1190
2024-11-28, GARSTECKI JAN KRZYSZTOF KASPROWICZA 6/1 87-100 TORUŃ ,-500
2025-01-17, GARSTECKI JAN KRZYSZTOF KASPROWICZA 6/1 87-100 TORUŃ ,200
2024-12-02, GARSTECKI JAN KRZYSZTOF KASPROWICZA 6/1 87-100 TORUŃ ,200
2025-01-17, GARSTECKI JAN KRZYSZTOF KASPROWICZA 6/1 87-100 TORUŃ ,-200
2024-12-03, GARSTECKI JAN KRZYSZTOF KASPROWICZA 6/1 87-100 TORUŃ ,99
2024-12-01, GARSTECKI JAN KRZYSZTOF KASPROWICZA 6/1 87-100 TORUŃ ,-200
2024-12-01, GARSTECKI JAN KRZYSZTOF KASPROWICZA 6/1 87-100 TORUŃ ,200
2024-12-30, GARSTECKI JAN KRZYSZTOF KASPROWICZA 6/1 87-100 TORUŃ ,1700
2024-12-30, GARSTECKI JAN KRZYSZTOF KASPROWICZA 6/1 87-100 TORUŃ ,-1700
2024-12-02, GARSTECKI JAN KRZYSZTOF KASPROWICZA 6/1 87-100 TORUŃ ,-200
2024-11-29, GARSTECKI JAN KRZYSZTOF KASPROWICZA 6/1 87-100 TORUŃ ,200
2024-12-03, GARSTECKI JAN KRZYSZTOF KASPROWICZA 6/1 87-100 TORUŃ ,-99
2025-02-02, GLOVO 31JAN WA1JQJ4QY     LODZ ,"-64,32"
2025-01-31, GLOVO 31JAN WA1JQJ4QY  LODZ  POL ,"-62,28"
2024-11-20, GREEN COFFEE  WARSZAWA  POL ,"-24,9"
2024-12-01, ING BANK ŚLĄSKI S.A. UL.SOKOLSKA 34 40-086 KATOWICE ,"35,55"
2025-02-01, ING BANK ŚLĄSKI S.A. UL.SOKOLSKA 34 40-086 KATOWICE ,"36,31"
2025-01-01, ING BANK ŚLĄSKI S.A. UL.SOKOLSKA 34 40-086 KATOWICE ,"35,4"
2025-01-01, ING BANK ŚLĄSKI S.A. UL.SOKOLSKA 34 40-086 KATOWICE ,"-6,73"
2025-02-01, ING BANK ŚLĄSKI S.A. UL.SOKOLSKA 34 40-086 KATOWICE ,"-6,9"
2024-12-01, ING BANK ŚLĄSKI S.A. UL.SOKOLSKA 34 40-086 KATOWICE ,"-6,76"
2024-12-29, IS - MK S.C  TORUN 87100 POL ,"-82,2"
2024-12-18, KAFFE BAGERI STOCKHOLM  WARSZAWA  P ,-15
2024-12-18, KAFFE BAGERI STOCKHOLM  WARSZAWA  P ,-26
2024-11-28, KAFFE BAGERI STOCKHOLM  WARSZAWA  P ,-15
2025-01-11, KAUFLAND 02  WARSZAWA  POL ,"-69,86"
2025-02-15, KAWIARNIA COFFEETOGO  TORUN 87100 P ,-31
2024-11-21, KAWIARNIA RELAKS 01  WARSZAWA  POL ,-31
2024-11-24, KLUBOKAWIARNIA MIAU GR  WARSZAWA 01 ,-45
2024-12-16, KUCHNIA ZA SCIANA Z  WARSZAWA  POL ,"-22,5"
2024-12-12, KUCHNIA ZA SCIANA Z  WARSZAWA  POL ,-26
2025-01-24, KUCHNIA ZA SCIANA Z  WARSZAWA  POL ,-20
2024-12-10, KUCHNIA ZA SCIANA Z  WARSZAWA  POL ,-24
2024-12-02, KURA WARZYW GEMUSE KEB  WARSZAWA 00 ,-42
2025-01-10, KWIACIARNIA LAURA  WARSZAWA  POL ,-55
2025-02-03, LEROY MERLIN WARSZA  WARSZAWA  POL ,"-23,98"
2025-01-12, LEWIATAN. AJAK STORE  WARSZAWA  POL ,"-4,37"
2024-11-27, LIDL 2170  WARSZAWA  POL ,"-5,19"
2024-12-07, LIDL KAROLKOWA  WARSZAWA  POL ,"-187,18"
2025-01-28, LIDL KAROLKOWA  WARSZAWA  POL ,"-53,26"
2024-12-31, LIDL KAROLKOWA  WARSZAWA  POL ,"-35,95"
2024-12-30, LIDL KAROLKOWA  WARSZAWA  POL ,"-133,93"
2025-01-30, LIDL KAROLKOWA  WARSZAWA  POL ,"-151,23"
2025-02-01, LIDL KAROLKOWA  WARSZAWA  POL ,"-88,84"
2024-12-19, LIDL KAROLKOWA  WARSZAWA  POL ,"-18,67"
2025-02-13, LIDL KAROLKOWA  WARSZAWA  POL ,"-25,63"
2024-11-20, LIDL KAROLKOWA  WARSZAWA  POL ,"-44,06"
2024-12-18, LIDL KAROLKOWA  WARSZAWA  POL ,"-11,97"
2025-02-13, LIDL KAROLKOWA  WARSZAWA  POL ,"-18,84"
2024-12-13, LIDL KAROLKOWA  WARSZAWA  POL ,"-30,44"
2024-11-26, LIDL KAROLKOWA  WARSZAWA  POL ,"-72,44"
2025-02-03, LIDL KAROLKOWA  WARSZAWA  POL ,"-25,77"
2025-02-10, LIDL KAROLKOWA  WARSZAWA  POL ,"-37,69"
2025-02-08, LIDL KAROLKOWA  WARSZAWA  POL ,"-94,22"
2025-02-05, LIDL KAROLKOWA  WARSZAWA  POL ,"-27,48"
2024-12-02, LIDL KAROLKOWA  WARSZAWA  POL ,"-59,61"
2024-12-09, LIDL KAROLKOWA  WARSZAWA  POL ,"-62,15"
2024-12-03, LIDL KAROLKOWA  WARSZAWA  POL ,"-15,5"
2025-01-08, LIDL KAROLKOWA  WARSZAWA  POL ,"-70,59"
2024-12-11, LIDL KAROLKOWA  WARSZAWA  POL ,"-56,78"
2025-01-20, LIDL KAROLKOWA  WARSZAWA  POL ,"-71,33"
2025-01-13, LIDL KAROLKOWA  WARSZAWA  POL ,"-57,36"
2025-01-15, LIDL KAROLKOWA  WARSZAWA  POL ,"-83,59"
2025-01-16, LIDL KAROLKOWA  WARSZAWA  POL ,"-39,15"
2025-01-14, LIDL KAROLKOWA  WARSZAWA  POL ,"-28,93"
2025-02-04, LIDL WILENSKA  WARSZAWA  POL ,"-43,58"
2024-12-10, LUCA BAKERY  WARSZAWA  POL ,"-17,8"
2024-12-01, LUCA BAKERY  WARSZAWA  POL ,"-8,9"
2024-11-24, LUCA BAKERY  WARSZAWA  POL ,"-8,9"
2024-12-01, LUCA BAKERY  WARSZAWA  POL ,"-8,9"
2024-12-10, LUCA BAKERY  WARSZAWA  POL ,"-8,9"
2025-01-19, LUCA BAKERY  WARSZAWA  POL ,"-8,9"
2024-11-25, LUX MED SP. Z O.O.  WARSZAWA  POL ,"-106,25"
2024-11-25, LUX MED SP. Z O.O.  WARSZAWA  POL ,-357
2025-02-12, LUX MED SP. Z O.O.  WARSZAWA  POL ,-198
2024-11-28, LUX MED SP. Z O.O.  WARSZAWA  POL ,-447
2025-01-17," MCDONALDS 482,WARSZ  WARSZAWA  POL ",-9
2024-12-24, ME M04  TORUN  POL ,-168
2024-11-21, MEDIUM MONTHLY            MEDIUM.CO ,"-0,62"
2024-12-21, MEDIUM MONTHLY            MEDIUM.CO ,"-0,62"
2024-12-19, MEDIUM MONTHLY  +14155085008 941045 ,"-20,64"
2024-11-19, MEDIUM MONTHLY  +14155085008 941045 ,"-20,6"
2025-01-22, MLECZARNIA JEROZOLIMSK  WARSZAWA 00 ,"-22,87"
2025-01-14, MLECZARNIA JEROZOLIMSK  WARSZAWA 00 ,"-9,34"
2025-01-14, MLECZARNIA JEROZOLIMSK  WARSZAWA 00 ,"-13,67"
2025-01-24, MLECZARNIA JEROZOLIMSK  WARSZAWA 00 ,"-18,91"
2024-12-03, MOSS KAWIARNIA  WARSZAWA  POL ,-14
2025-01-08, MPSA - A 159  WARSZAWA  POL ,-140
2025-01-02, MULTIKINO S.A.  WARSAW  POL ,"-81,8"
2025-01-02, NATALIA STRÓŻ DROŻANKI 17 26-634 GÓZD ,40
2025-01-25, NATALIA STRÓŻ DROŻANKI 17 26-634 GÓZD ,45
2025-02-09, NATALKA STRÓŻ ,-45
2024-12-25, NATALKA STRÓŻ ,-35
2025-01-24, NATALKA STRÓŻ ,-45
2025-02-11, NATALKA STRÓŻ ,-30
2025-01-19, NATALKA STRÓŻ ,-36
2024-11-22, OLA PISZCZYK ,-43
2024-12-04, ONE MORE SUSHI  WARSZAWA  POL ,"-31,99"
2025-01-02, ORANGE POLSKA ALEJE JEROZOLIMSKIE 160 WARSZAWA ,"-7,48"
2025-02-07, ORANGE POLSKA ALEJE JEROZOLIMSKIE 160 WARSZAWA ,"-3,16"
2024-12-05, ORANGE POLSKA ALEJE JEROZOLIMSKIE 160 WARSZAWA ,"-3,14"
2025-01-09, OSKAR CZESŁAW STENCEL ,14
2025-01-04, OSKAR STENCEL ,-145
2025-01-15, P U SILVANA HANNA SWIECIC  GRODZISK ,-34
2025-02-05, PAN PIETRUSZKA  WARSZAWA 01175 POL ,"-13,63"
2024-11-28, PAN PIETRUSZKA  WARSZAWA 01175 POL ,"-28,74"
2024-12-11, PAN PIETRUSZKA  WARSZAWA 01175 POL ,"-3,8"
2024-12-05, PANI EDYTA ,-200
2024-11-29, PANI EDYTA ,-200
2024-12-14, PANI EDYTA ,-200
2024-12-19, PANI EDYTA ,-200
2024-11-19, PANI EDYTA ,-200
2024-11-21, PANI EDYTA ,-200
2025-01-17, PANI EDYTA ,-200
2025-01-02, PANI EDYTA ,-200
2025-01-09, PANI EDYTA ,-200
2025-01-22, PARADOX CAFE  WARSZAWA 01157 POL ,-15
2025-02-03, PARIS OPTIQUE WES.ARKAD  WARSZAWA ,"-9,9"
2025-02-10, PAYPRO S.A. PASTELOWA 8 POZNAN ,-220
2025-01-21, PAYPRO S.A. PASTELOWA 8 POZNAN ,-100
2024-12-03, PAYPRO S.A. UL. PASTELOWA 8 POZNAN ,-99
2024-12-28, PAYPRO S.A. UL. PASTELOWA 8 POZNAN ,"-29,89"
2025-02-04, PAYU GRUNWALDZKA 186 POZNAN ,"-28,88"
2024-12-16, PAYU GRUNWALDZKA 186 POZNAN ,"-59,99"
2024-12-19, PAYU GRUNWALDZKA 186 POZNAN ,"-59,99"
2024-11-20, PAYU GRUNWALDZKA 186 POZNAN ,"-87,69"
2025-02-05, PIEKARNIA K. I A. C  WARSZAWA  POL ,"-15,2"
2025-01-07, PIEKARNIA PIEKUS  BYDGOSZCZ 85124 P ,"-24,72"
2025-02-10, PIEKARNIA SOPLICOWO  WARSZAWA  POL ,"-8,5"
2025-02-03, PIEKARNIA SOPLICOWO  WARSZAWA  POL ,"-8,5"
2025-01-03," PKP INFORMATYKA"" SPÓŁKA ALEJE JEROZOLIMSKIE 142A WARSZAWA ""","-13,72"
2024-12-19," PKP INFORMATYKA"" SPÓŁKA ALEJE JEROZOLIMSKIE 142A WARSZAWA ""","-29,89"
2025-01-07," PKP INFORMATYKA"" SPÓŁKA ALEJE JEROZOLIMSKIE 142A WARSZAWA ""","-29,89"
2025-02-03, PLAYSTATION NETWORK  HILVERSUM  NLD ,"-85,47"
2025-01-17, PUTKA 11 LISTOPADA 10  WARSZAWA  PO ,"-13,19"
2024-11-29, PUTKA 11 LISTOPADA 10  WARSZAWA  PO ,"-27,06"
2024-12-03, PUTKA 11 LISTOPADA 10  WARSZAWA  PO ,"-3,1"
2024-12-03, PUTKA 11 LISTOPADA 10  WARSZAWA  PO ,"-15,16"
2024-12-04, PUTKA 11 LISTOPADA 10  WARSZAWA  PO ,"-19,02"
2025-02-07, PUTKA 11 LISTOPADA 10  WARSZAWA  PO ,"-4,6"
2024-12-16, PUTKA MLYNARSKA 23  WARSZAWA  POL ,"-26,9"
2025-02-11, PUTKA MLYNARSKA 23  WARSZAWA  POL ,-19
2024-11-20, PUTKA MLYNARSKA 23  WARSZAWA  POL ,"-18,05"
2024-12-07, PUTKA MLYNARSKA 23  WARSZAWA  POL ,"-30,11"
2024-12-06, PUTKA MLYNARSKA 23  WARSZAWA  POL ,"-3,98"
2025-01-10, PUTKA MLYNARSKA 23  WARSZAWA  POL ,"-10,9"
2024-12-30, PUTKA MLYNARSKA 23  WARSZAWA  POL ,"-9,15"
2025-01-15, PUTKA MLYNARSKA 23  WARSZAWA  POL ,"-10,1"
2024-12-05, PUTKA MLYNARSKA 23  WARSZAWA  POL ,"-23,46"
2024-12-04, PUTKA MLYNARSKA 23  WARSZAWA  POL ,"-5,2"
2024-12-19, PUTKA MLYNARSKA 23  WARSZAWA  POL ,"-38,9"
2024-11-27, PUTKA MLYNARSKA 23  WARSZAWA  POL ,"-4,99"
2025-02-01, PUTKA MLYNARSKA 23  WARSZAWA  POL ,"-17,22"
2024-12-03, PUTKA MLYNARSKA 23  WARSZAWA  POL ,"-11,25"
2024-12-31, PUTKA MLYNARSKA 23  WARSZAWA  POL ,"-9,15"
2024-11-28, PUTKA MLYNARSKA 23  WARSZAWA  POL ,"-9,15"
2025-01-31, PUTKA MLYNARSKA 23  WARSZAWA  POL ,"-5,98"
2024-12-20, PUTKA MLYNARSKA 23  WARSZAWA  POL ,"-9,15"
2024-12-03, PUTKA MLYNARSKA 23  WARSZAWA  POL ,"-7,15"
2024-11-18, PUTKA MLYNARSKA 23  WARSZAWA  POL ,"-5,97"
2025-02-08, PUTKA MLYNARSKA 23  WARSZAWA  POL ,"-10,36"
2024-12-21, PUTKA MLYNARSKA 23  WARSZAWA  POL ,"-39,01"
2024-11-25, PUTKA MLYNARSKA 23  WARSZAWA  POL ,"-7,5"
2025-01-02, PUTKA MLYNARSKA 23  WARSZAWA  POL ,"-19,72"
2025-02-12, PUTKA MLYNARSKA 23  WARSZAWA  POL ,"-12,83"
2024-12-09, PUTKA MLYNARSKA 23  WARSZAWA  POL ,"-1,99"
2024-11-19, PUTKA MLYNARSKA 23  WARSZAWA  POL ,"-6,15"
2025-01-03, PUTKA MLYNARSKA 23  WARSZAWA  POL ,"-14,42"
2025-01-23, PUTKA MLYNARSKA 23  WARSZAWA  POL ,"-6,96"
2024-12-14, PUTKA MLYNARSKA 23  WARSZAWA  POL ,"-20,7"
2025-01-10, PUTKA MLYNARSKA 23  WARSZAWA  POL ,"-11,25"
2024-12-16, PUTKA MLYNARSKA 23  WARSZAWA  POL ,"-9,15"
2025-01-04, PUTKA MLYNARSKA 23  WARSZAWA  POL ,"-18,05"
2024-12-09, PUTKA MLYNARSKA 23  WARSZAWA  POL ,"-17,22"
2024-12-11, PUTKA MLYNARSKA 23  WARSZAWA  POL ,"-11,19"
2024-11-18, PUTKA MLYNARSKA 23  WARSZAWA  POL ,"-6,15"
2024-11-23, PUTKA MLYNARSKA 23  WARSZAWA  POL ,"-13,35"
2025-01-29, PUTKA MLYNARSKA 23  WARSZAWA  POL ,"-13,43"
2024-11-27, PUTKA MLYNARSKA 23  WARSZAWA  POL ,"-3,98"
2025-01-20, PUTKA MLYNARSKA 23  WARSZAWA  POL ,"-3,78"
2024-12-18, PUTKA MLYNARSKA 23  WARSZAWA  POL ,"-18,05"
2024-12-17, PUTKA MLYNARSKA 23  WARSZAWA  POL ,"-37,3"
2024-12-28, REVOLUT BANK UAB ,900
2024-11-23, ROSSMANN 111  WARSZAWA  POL ,"-4,99"
2024-12-04, ROSSMANN 56  WARSZAWA  POL ,"-28,98"
2024-11-20, ROSSMANN 85  WARSZAWA  POL ,"-133,97"
2025-02-05, ROSSMANN 85  WARSZAWA  POL ,"-89,99"
2025-01-08, ROSSMANN 85  WARSZAWA  POL ,"-163,72"
2025-01-14, ROSSMANN 85  WARSZAWA  POL ,"-29,99"
2024-12-17, ROSSMANN 85  WARSZAWA  POL ,"-116,61"
2025-02-13, ROSSMANN 85  WARSZAWA  POL ,"-12,57"
2024-11-26, ROSSMANN 85  WARSZAWA  POL ,"-12,49"
2025-01-02, SKLEP U BRODY  WARSZAWA  POL ,-14
2025-01-07, SKŁ PZU-UBEZP KARTY DEB ,-2
2024-12-05, SKŁ PZU-UBEZP KARTY DEB ,-2
2025-02-05, SKŁ PZU-UBEZP KARTY DEB ,-2
2024-12-06, SPRZEDAZ ART. PRZEMYSLO  WARSZAWA ,"-4,5"
2024-12-11, STP*V*THELIVEN COM        TALLINN ,"-2,57"
2025-01-15, STP*V*THELIVEN COM        TALLINN ,"-6,4"
2025-01-21, STP*V*THELIVEN COM        TALLINN NR KARTY 4246XX8894 ,"106,26"
2025-01-08, STP*V*THELIVEN COM  TALLINN  EST ,"-213,35"
2024-12-09, STP*V*THELIVEN COM  TALLINN  EST ,"-85,55"
2024-12-09, SUPER PHARM WARSZAW  WARSZAWA  POL ,"-37,99"
2024-12-02, SUPER PHARM WARSZAW  WARSZAWA  POL ,"-131,98"
2024-12-02, SYRENA IRENA  WARSZAWA  POL ,-7
2025-01-10, TK MAXX  WARSAW WSJ  POL ,"-54,98"
2025-01-02, TOMASZ GARSTECKI KASPROWICZA 6/1 87-100    TORUŃ KUJAWSKO POMORSKIE ,2000
2025-01-23, TOMASZ GARSTECKI KASPROWICZA 6/1 87-100    TORUŃ KUJAWSKO POMORSKIE ,1390
2024-12-30, TOMASZ GARSTECKI KASPROWICZA 6/1 87-100    TORUŃ KUJAWSKO POMORSKIE ,820
2025-02-04, TOMASZ GARSTECKI KASPROWICZA 6/1 87-100    TORUŃ KUJAWSKO POMORSKIE ,2000
2024-12-03, TOMASZ GARSTECKI KASPROWICZA 6/1 87-100    TORUŃ KUJAWSKO POMORSKIE ,4075
2025-02-12, TRIMAR SP. Z O.O  WARSZAWA  POL ,"-15,8"
2024-12-06, TRZY KRUKI  WARSZAWA  POL ,-19
2025-01-28, TRZY KRUKI  WARSZAWA  POL ,-26
2025-01-07, UBER   *TRIP  AMSTERDAM  NLD ,-2
2024-11-26, UBER RIDES                AMSTERDAM ,"-21,49"
2024-11-19, UBR* PENDING.UBER.COM  AMSTERDAM  N ,"-17,91"
2025-01-18, UBR* PENDING.UBER.COM  AMSTERDAM  N ,"-14,93"
2025-01-07, UBR* PENDING.UBER.COM  AMSTERDAM  N ,"-11,98"
2024-11-24, UBR* PENDING.UBER.COM  AMSTERDAM  N ,"-20,96"
2024-11-26, UBR* PENDING.UBER.COM  AMSTERDAM  N ,"-13,99"
2025-01-04, UBR* PENDING.UBER.COM  AMSTERDAM  N ,"-18,28"
2025-02-11, UBR* PENDING.UBER.COM  AMSTERDAM  N ,"-13,44"
2025-01-09, UBR* PENDING.UBER.COM  AMSTERDAM  N ,"-15,32"
2025-01-07, UBR* PENDING.UBER.COM  AMSTERDAM  N ,"-9,94"
2025-01-09, UBR* PENDING.UBER.COM  AMSTERDAM  N ,"-14,01"
2025-02-06, UBR* PENDING.UBER.COM  AMSTERDAM  N ,"-12,95"
2025-02-11, UBR* PENDING.UBER.COM  AMSTERDAM  N ,"-15,14"
2025-01-09, UBR* PENDING.UBER.COM  AMSTERDAM  N 2208162520 4121 40010030273 4117 ,"14,01"
2024-11-26, UBR* PENDING.UBER.COM  AMSTERDAM  N 2208162520 4121 40010030273 4117 ,"13,99"
2025-02-11, UBR* PENDING.UBER.COM  AMSTERDAM  N 2208162520 4121 40010030273 4117 ,"15,14"
2025-02-05, VILGAIN.PL/  BRNO 60200 CZE ,"-345,79"
2025-02-03, VISION EXPRESS TRENDY 460  WARSZAWA ,-18
2024-12-13, VITA HOME SP.Z O.O.  WARSZAWA  POL ,-37
2024-12-07, WGS ALEKSANDRA LOGUSZ  OZAROW MAZOW ,-20
2025-01-24, WOLSKIE RURKI  WARSZAWA 01187 POL ,-11
2025-01-30, WOLT  WARSZAWA  POL ,"-88,28"
2024-12-20, WRZENIE SWIATA  WARSZAWA  POL ,-39
2024-12-22, ZABKA Z2949 K.1  WARSZAWA 01181 POL ,"-17,06"
2024-12-08, ZABKA Z2949 K.1  WARSZAWA 01181 POL ,"-7,99"
2024-11-23, ZABKA Z2949 K.1  WARSZAWA 01181 POL ,"-33,95"
2024-11-21, ZABKA Z2949 K.1  WARSZAWA 01181 POL ,"-66,99"
2024-12-06, ZABKA Z2949 K.1  WARSZAWA 01181 POL ,"-17,99"
2024-12-30, ZABKA Z2949 K.1  WARSZAWA 01181 POL ,"-17,99"
2025-01-16, ZABKA Z2949 K.1  WARSZAWA 01181 POL ,"-17,99"
2025-01-08, ZABKA Z2949 K.1  WARSZAWA 01181 POL ,"-7,99"
2025-01-01, ZABKA Z2949 K.1  WARSZAWA 01181 POL ,"-9,5"
2024-12-15, ZABKA Z2949 K.1  WARSZAWA 01181 POL ,"-15,15"
2024-12-09, ZABKA Z2949 K.1  WARSZAWA 01181 POL ,"-41,81"
2025-01-06, ZABKA Z2949 K.1  WARSZAWA 01181 POL ,"-28,53"
2024-12-15, ZABKA Z2949 K.1  WARSZAWA 01181 POL ,"-23,28"
2024-12-01, ZABKA Z2949 K.1  WARSZAWA 01181 POL ,"-42,65"
2024-11-26, ZABKA Z2949 K.1  WARSZAWA 01181 POL ,"-22,49"
2024-11-19, ZABKA Z2949 K.1  WARSZAWA 01181 POL ,"-10,8"
2025-01-10, ZABKA Z2949 K.1  WARSZAWA 01181 POL ,"-7,99"
2024-11-29, ZABKA Z2949 K.1  WARSZAWA 01181 POL ,"-20,98"
2024-12-02, ZABKA Z2949 K.1  WARSZAWA 01181 POL ,"-28,99"
2025-01-29, ZABKA Z2949 K.1  WARSZAWA 01181 POL ,"-28,99"
2024-12-09, ZABKA Z2949 K.2  WARSZAWA 01181 POL ,"-7,99"
2025-01-26, ZABKA Z2949 K.2  WARSZAWA 01181 POL ,"-19,65"
2025-02-14, ZABKA Z3276 K.1  WARSZAWA 03476 POL ,"-18,49"
2024-11-30, ZABKA Z3276 K.1  WARSZAWA 03476 POL ,"-53,76"
2024-12-04, ZABKA Z3276 K.1  WARSZAWA 03476 POL ,"-12,99"
2025-02-09, ZABKA Z3276 K.1  WARSZAWA 03476 POL ,"-22,49"
2024-11-22, ZABKA Z5941 K.1  WARSZAWA 00240 POL ,"-4,5"
2024-11-18, ZABKA Z5967 K.2  WARSZAWA 00681 POL ,"-36,64"
2024-12-09, ZABKA Z5967 K.4  WARSZAWA 00681 POL ,"-3,9"
2024-12-22, ZABKA Z6565 K.1  WARSZAWA 01146 POL ,"-7,99"
2025-01-02, ZABKA Z6565 K.1  WARSZAWA 01146 POL ,"-9,49"
2024-11-18, ZABKA Z6812 K.1  WARSZAWA 00357 POL ,"-3,9"
2024-12-18, ZABKA Z6812 K.1  WARSZAWA 00357 POL ,"-21,89"
2024-11-27, ZABKA Z6812 K.2  WARSZAWA 00357 POL ,"-6,89"
2024-11-29, ZABKA Z6812 K.2  WARSZAWA 00357 POL ,"-3,99"
2024-12-11, ZABKA Z6812 K.2  WARSZAWA 00357 POL ,"-6,99"
2025-01-11, ZABKA Z7131 K.1  WARSZAWA 01106 POL ,"-15,26"
2025-01-10, ZABKA Z7131 K.1  WARSZAWA 01106 POL ,"-24,69"
2025-02-11, ZABKA Z7131 K.2  WARSZAWA 01106 POL ,"-0,6"
2025-02-13, ZABKA Z7131 K.2  WARSZAWA 01106 POL ,"-3,99"
2024-11-24, ZABKA Z7578 K.1  WARSZAWA 05075 POL ,"-1,98"
2024-12-07, ZABKA Z8008 K.1  WARSZAWA 03448 POL ,"-14,99"
2025-01-26, ZABKA Z8008 K.1  WARSZAWA 03448 POL ,"-29,7"
2024-11-29, ZABKA Z8008 K.2  WARSZAWA 03448 POL ,"-10,8"
2025-01-29, ZABKA Z8008 K.2  WARSZAWA 03448 POL ,"-28,49"
2024-11-22, ZARA JUNIOR 3077  WARSZAWA  POL ,"-65,9"
